{"_wandb":{"runtime":1243},"_runtime":1243,"accuracy/hybrid":0.15412905386561557,"accuracy/baseline":0.16171081974079957,"_timestamp":1.7738917993955216e+09,"_step":0}