{"_runtime":1910,"accuracy/hybrid":0.09968447832254386,"accuracy/baseline":0.16171081974079957,"_timestamp":1.7738941659519503e+09,"_step":0,"_wandb":{"runtime":1910}}