{"_step":99,"epoch":99,"_runtime":195,"_wandb":{"runtime":195},"loss":0.8266239383003928,"_timestamp":1.7738763505979838e+09}