{"_step":9,"fold":10,"accuracy/hybrid":0.13533232427973482,"accuracy/linear":0.12219532873792598,"gate_contribution":0.03501295670866966,"_wandb":{"runtime":1408},"_runtime":1408,"_timestamp":1.7739213388823385e+09}