{"repeat":6,"fold":6,"p_value":0.37193017020888974,"_wandb":{"runtime":740},"accuracy/mt_gblup":0.7223688176140995,"train_loss":0.026758769527077675,"_runtime":740,"accuracy/hybrid":0.7223688176256948,"_timestamp":1.7738862905396235e+09,"_step":206}